{"cameraMode":{"drawMode":0,"name":"Shaded","section":"Shading Mode"},"sceneLighting":true,"audioPlay":false,"sceneViewState":{"showFog":true,"showMaterialUpdate":true,"showSkybox":true,"showFlares":true,"showImageEffects":true,"showParticleSystems":true},"in2DMode":false,"pivot":{"x":0.040424346923828128,"y":1.0084809064865113,"z":0.399436354637146},"rotation":{"x":0.08373710513114929,"y":0.0130020622164011,"z":-0.0005400919471867383,"w":0.9967048764228821},"size":1.0273237228393555,"orthographic":false}