{"cameraMode":{"drawMode":0,"name":"Shaded","section":"Shading Mode"},"sceneLighting":true,"audioPlay":false,"sceneViewState":{"showFog":true,"showMaterialUpdate":true,"showSkybox":true,"showFlares":true,"showImageEffects":true,"showParticleSystems":true},"in2DMode":false,"pivot":{"x":0.5277267694473267,"y":0.8524286150932312,"z":1.6954604387283326},"rotation":{"x":-0.08864808082580567,"y":0.03646894916892052,"z":-0.00305742840282619,"w":-0.995477020740509},"size":0.9917187690734863,"orthographic":false}