{"cameraMode":{"drawMode":0,"name":"Shaded","section":"Shading Mode"},"sceneLighting":false,"audioPlay":false,"sceneViewState":{"showFog":true,"showMaterialUpdate":true,"showSkybox":false,"showFlares":true,"showImageEffects":true,"showParticleSystems":true},"in2DMode":false,"pivot":{"x":0.25222375988960268,"y":6.717998027801514,"z":-2.628690719604492},"rotation":{"x":-0.045339129865169528,"y":0.8698239922523499,"z":-0.08139932155609131,"w":-0.48448917269706728},"size":0.8660253882408142,"orthographic":false}