{"cameraMode":{"drawMode":0,"name":"Shaded","section":"Shading Mode"},"sceneLighting":false,"audioPlay":false,"sceneViewState":{"showFog":true,"showMaterialUpdate":true,"showSkybox":false,"showFlares":true,"showImageEffects":true,"showParticleSystems":true},"in2DMode":false,"pivot":{"x":0.0708361566066742,"y":1.1098356246948243,"z":0.13487935066223145},"rotation":{"x":0.08872570097446442,"y":-0.38257336616516116,"z":0.03710193932056427,"w":0.9190182685852051},"size":0.9003991484642029,"orthographic":false}